{"interfaceLanguages":{"swift":[{"children":[{"title":"Classes","type":"groupMarker"},{"children":[{"title":"Structures","type":"groupMarker"},{"children":[{"title":"Instance Properties","type":"groupMarker"},{"path":"\/documentation\/recordkit\/recordingsession\/result\/bundleinfo","title":"var bundleInfo: RKBundleInfo","type":"property"},{"path":"\/documentation\/recordkit\/recordingsession\/result\/bundleurl","title":"var bundleURL: URL","type":"property"}],"path":"\/documentation\/recordkit\/recordingsession\/result","title":"RecordingSession.Result","type":"struct"},{"children":[{"title":"Initializers","type":"groupMarker"},{"path":"\/documentation\/recordkit\/recordingsession\/windowexcludeoptions\/init(rawvalue:)","title":"init(rawValue: Int)","type":"init"},{"title":"Instance Properties","type":"groupMarker"},{"path":"\/documentation\/recordkit\/recordingsession\/windowexcludeoptions\/rawvalue","title":"let rawValue: Int","type":"property"},{"title":"Type Properties","type":"groupMarker"},{"path":"\/documentation\/recordkit\/recordingsession\/windowexcludeoptions\/none","title":"static let none: RecordingSession.WindowExcludeOptions","type":"property"},{"title":"Default Implementations","type":"groupMarker"},{"children":[{"title":"Operators","type":"groupMarker"},{"path":"\/documentation\/recordkit\/recordingsession\/windowexcludeoptions\/!=(_:_:)","title":"static func != (Self, Self) -> Bool","type":"op"}],"path":"\/documentation\/recordkit\/recordingsession\/windowexcludeoptions\/equatable-implementations","title":"Equatable Implementations","type":"symbol"},{"children":[{"title":"Initializers","type":"groupMarker"},{"path":"\/documentation\/recordkit\/recordingsession\/windowexcludeoptions\/init()","title":"init()","type":"init"},{"title":"Instance Methods","type":"groupMarker"},{"path":"\/documentation\/recordkit\/recordingsession\/windowexcludeoptions\/contains(_:)","title":"func contains(Self) -> Bool","type":"method"},{"path":"\/documentation\/recordkit\/recordingsession\/windowexcludeoptions\/formintersection(_:)","title":"func formIntersection(Self)","type":"method"},{"path":"\/documentation\/recordkit\/recordingsession\/windowexcludeoptions\/formsymmetricdifference(_:)","title":"func formSymmetricDifference(Self)","type":"method"},{"path":"\/documentation\/recordkit\/recordingsession\/windowexcludeoptions\/formunion(_:)","title":"func formUnion(Self)","type":"method"},{"path":"\/documentation\/recordkit\/recordingsession\/windowexcludeoptions\/insert(_:)","title":"func insert(Self.Element) -> (inserted: Bool, memberAfterInsert: Self.Element)","type":"method"},{"path":"\/documentation\/recordkit\/recordingsession\/windowexcludeoptions\/intersection(_:)","title":"func intersection(Self) -> Self","type":"method"},{"path":"\/documentation\/recordkit\/recordingsession\/windowexcludeoptions\/remove(_:)","title":"func remove(Self.Element) -> Self.Element?","type":"method"},{"path":"\/documentation\/recordkit\/recordingsession\/windowexcludeoptions\/symmetricdifference(_:)","title":"func symmetricDifference(Self) -> Self","type":"method"},{"path":"\/documentation\/recordkit\/recordingsession\/windowexcludeoptions\/union(_:)","title":"func union(Self) -> Self","type":"method"},{"path":"\/documentation\/recordkit\/recordingsession\/windowexcludeoptions\/update(with:)","title":"func update(with: Self.Element) -> Self.Element?","type":"method"}],"path":"\/documentation\/recordkit\/recordingsession\/windowexcludeoptions\/optionset-implementations","title":"OptionSet Implementations","type":"symbol"},{"children":[{"title":"Initializers","type":"groupMarker"},{"path":"\/documentation\/recordkit\/recordingsession\/windowexcludeoptions\/init(_:)","title":"init<S>(S)","type":"init"},{"path":"\/documentation\/recordkit\/recordingsession\/windowexcludeoptions\/init(arrayliteral:)","title":"init(arrayLiteral: Self.Element...)","type":"init"},{"title":"Instance Properties","type":"groupMarker"},{"path":"\/documentation\/recordkit\/recordingsession\/windowexcludeoptions\/isempty","title":"var isEmpty: Bool","type":"property"},{"title":"Instance Methods","type":"groupMarker"},{"path":"\/documentation\/recordkit\/recordingsession\/windowexcludeoptions\/isdisjoint(with:)","title":"func isDisjoint(with: Self) -> Bool","type":"method"},{"path":"\/documentation\/recordkit\/recordingsession\/windowexcludeoptions\/isstrictsubset(of:)","title":"func isStrictSubset(of: Self) -> Bool","type":"method"},{"path":"\/documentation\/recordkit\/recordingsession\/windowexcludeoptions\/isstrictsuperset(of:)","title":"func isStrictSuperset(of: Self) -> Bool","type":"method"},{"path":"\/documentation\/recordkit\/recordingsession\/windowexcludeoptions\/issubset(of:)","title":"func isSubset(of: Self) -> Bool","type":"method"},{"path":"\/documentation\/recordkit\/recordingsession\/windowexcludeoptions\/issuperset(of:)","title":"func isSuperset(of: Self) -> Bool","type":"method"},{"path":"\/documentation\/recordkit\/recordingsession\/windowexcludeoptions\/subtract(_:)","title":"func subtract(Self)","type":"method"},{"path":"\/documentation\/recordkit\/recordingsession\/windowexcludeoptions\/subtracting(_:)","title":"func subtracting(Self) -> Self","type":"method"}],"path":"\/documentation\/recordkit\/recordingsession\/windowexcludeoptions\/setalgebra-implementations","title":"SetAlgebra Implementations","type":"symbol"}],"path":"\/documentation\/recordkit\/recordingsession\/windowexcludeoptions","title":"RecordingSession.WindowExcludeOptions","type":"struct"},{"title":"Initializers","type":"groupMarker"},{"path":"\/documentation\/recordkit\/recordingsession\/init(schema:onabort:)","title":"init(schema: RecordingSchema, onAbort: (RecordingSession.AbortReason) -> Void)","type":"init"},{"title":"Instance Properties","type":"groupMarker"},{"path":"\/documentation\/recordkit\/recordingsession\/debugdescription","title":"var debugDescription: String","type":"property"},{"title":"Instance Methods","type":"groupMarker"},{"path":"\/documentation\/recordkit\/recordingsession\/prepare()","title":"func prepare() async throws","type":"method"},{"path":"\/documentation\/recordkit\/recordingsession\/recordandwait()","title":"func recordAndWait() async throws","type":"method"},{"path":"\/documentation\/recordkit\/recordingsession\/start()","title":"func start()","type":"method"},{"path":"\/documentation\/recordkit\/recordingsession\/stop()","title":"func stop() async throws -> RecordingSession.Result","type":"method"},{"title":"Type Methods","type":"groupMarker"},{"path":"\/documentation\/recordkit\/recordingsession\/getcameras()","title":"static func getCameras() -> [RKCamera]","type":"method"},{"path":"\/documentation\/recordkit\/recordingsession\/getdisplays()","title":"static func getDisplays() async throws -> [RKDisplay]","type":"method"},{"path":"\/documentation\/recordkit\/recordingsession\/getmicrophones()","title":"static func getMicrophones() -> [RKMicrophone]","type":"method"},{"path":"\/documentation\/recordkit\/recordingsession\/getwindows(options:)","title":"static func getWindows(options: RecordingSession.WindowOptions) async throws -> [RKWindow]","type":"method"},{"title":"Enumerations","type":"groupMarker"},{"children":[{"title":"Enumeration Cases","type":"groupMarker"},{"path":"\/documentation\/recordkit\/recordingsession\/abortreason\/failed(_:)","title":"case failed(RKError)","type":"case"},{"path":"\/documentation\/recordkit\/recordingsession\/abortreason\/interrupted(_:_:)","title":"case interrupted(RecordingSession.Result, RKError)","type":"case"},{"path":"\/documentation\/recordkit\/recordingsession\/abortreason\/userstopped(_:)","title":"case userStopped(RecordingSession.Result)","type":"case"}],"path":"\/documentation\/recordkit\/recordingsession\/abortreason","title":"RecordingSession.AbortReason","type":"enum"},{"children":[{"title":"Enumeration Cases","type":"groupMarker"},{"path":"\/documentation\/recordkit\/recordingsession\/windowoptions\/default","title":"case `default`","type":"case"},{"title":"Default Implementations","type":"groupMarker"},{"children":[{"title":"Operators","type":"groupMarker"},{"path":"\/documentation\/recordkit\/recordingsession\/windowoptions\/!=(_:_:)","title":"static func != (Self, Self) -> Bool","type":"op"}],"path":"\/documentation\/recordkit\/recordingsession\/windowoptions\/equatable-implementations","title":"Equatable Implementations","type":"symbol"}],"path":"\/documentation\/recordkit\/recordingsession\/windowoptions","title":"RecordingSession.WindowOptions","type":"enum"}],"path":"\/documentation\/recordkit\/recordingsession","title":"RecordingSession","type":"class"},{"title":"Structures","type":"groupMarker"},{"children":[{"title":"Structures","type":"groupMarker"},{"children":[{"title":"Initializers","type":"groupMarker"},{"path":"\/documentation\/recordkit\/rkbundleinfo\/fileasset\/init(from:)","title":"init(from: Decoder) throws","type":"init"},{"title":"Instance Properties","type":"groupMarker"},{"path":"\/documentation\/recordkit\/rkbundleinfo\/fileasset\/filename","title":"var filename: String","type":"property"},{"path":"\/documentation\/recordkit\/rkbundleinfo\/fileasset\/type","title":"var type: RKBundleInfo.FileAssetType","type":"property"}],"path":"\/documentation\/recordkit\/rkbundleinfo\/fileasset","title":"RKBundleInfo.FileAsset","type":"struct"},{"title":"Initializers","type":"groupMarker"},{"path":"\/documentation\/recordkit\/rkbundleinfo\/init(from:)","title":"init(from: Decoder) throws","type":"init"},{"title":"Instance Properties","type":"groupMarker"},{"path":"\/documentation\/recordkit\/rkbundleinfo\/files","title":"var files: [RKBundleInfo.FileAsset]","type":"property"},{"path":"\/documentation\/recordkit\/rkbundleinfo\/timeranges","title":"var timeRanges: [CMTimeRange]","type":"property"},{"path":"\/documentation\/recordkit\/rkbundleinfo\/version","title":"var version: Int","type":"property"},{"title":"Enumerations","type":"groupMarker"},{"children":[{"title":"Enumeration Cases","type":"groupMarker"},{"path":"\/documentation\/recordkit\/rkbundleinfo\/fileassettype\/movie","title":"case movie","type":"case"},{"path":"\/documentation\/recordkit\/rkbundleinfo\/fileassettype\/video","title":"case video","type":"case"},{"title":"Initializers","type":"groupMarker"},{"path":"\/documentation\/recordkit\/rkbundleinfo\/fileassettype\/init(rawvalue:)","title":"init?(rawValue: String)","type":"init"},{"title":"Default Implementations","type":"groupMarker"},{"children":[{"title":"Operators","type":"groupMarker"},{"path":"\/documentation\/recordkit\/rkbundleinfo\/fileassettype\/!=(_:_:)","title":"static func != (Self, Self) -> Bool","type":"op"}],"path":"\/documentation\/recordkit\/rkbundleinfo\/fileassettype\/equatable-implementations","title":"Equatable Implementations","type":"symbol"},{"children":[{"title":"Initializers","type":"groupMarker"},{"path":"\/documentation\/recordkit\/rkbundleinfo\/fileassettype\/init(from:)","title":"init(from: Decoder) throws","type":"init"},{"title":"Instance Properties","type":"groupMarker"},{"path":"\/documentation\/recordkit\/rkbundleinfo\/fileassettype\/hashvalue","title":"var hashValue: Int","type":"property"},{"title":"Instance Methods","type":"groupMarker"},{"path":"\/documentation\/recordkit\/rkbundleinfo\/fileassettype\/encode(to:)","title":"func encode(to: Encoder) throws","type":"method"},{"path":"\/documentation\/recordkit\/rkbundleinfo\/fileassettype\/hash(into:)","title":"func hash(into: inout Hasher)","type":"method"}],"path":"\/documentation\/recordkit\/rkbundleinfo\/fileassettype\/rawrepresentable-implementations","title":"RawRepresentable Implementations","type":"symbol"}],"path":"\/documentation\/recordkit\/rkbundleinfo\/fileassettype","title":"RKBundleInfo.FileAssetType","type":"enum"}],"path":"\/documentation\/recordkit\/rkbundleinfo","title":"RKBundleInfo","type":"struct"},{"children":[{"title":"Instance Properties","type":"groupMarker"},{"path":"\/documentation\/recordkit\/rkcamera\/availability","title":"var availability: DeviceAvailability","type":"property"},{"path":"\/documentation\/recordkit\/rkcamera\/id","title":"var id: String","type":"property"},{"path":"\/documentation\/recordkit\/rkcamera\/localizedname","title":"var localizedName: String","type":"property"},{"path":"\/documentation\/recordkit\/rkcamera\/manufacturer","title":"var manufacturer: String","type":"property"},{"path":"\/documentation\/recordkit\/rkcamera\/modelid","title":"var modelID: String","type":"property"}],"path":"\/documentation\/recordkit\/rkcamera","title":"RKCamera","type":"struct"},{"children":[{"title":"Instance Properties","type":"groupMarker"},{"path":"\/documentation\/recordkit\/rkdisplay\/displayid","title":"var displayID: CGDirectDisplayID","type":"property"},{"path":"\/documentation\/recordkit\/rkdisplay\/frame","title":"var frame: CGRect","type":"property"},{"path":"\/documentation\/recordkit\/rkdisplay\/id","title":"var id: CGDirectDisplayID","type":"property"},{"path":"\/documentation\/recordkit\/rkdisplay\/ismain","title":"let isMain: Bool","type":"property"},{"path":"\/documentation\/recordkit\/rkdisplay\/scdisplay","title":"let scDisplay: SCDisplay","type":"property"}],"path":"\/documentation\/recordkit\/rkdisplay","title":"RKDisplay","type":"struct"},{"children":[{"title":"Initializers","type":"groupMarker"},{"path":"\/documentation\/recordkit\/rkerror\/init(from:)","title":"init(from: Decoder) throws","type":"init"},{"title":"Instance Properties","type":"groupMarker"},{"path":"\/documentation\/recordkit\/rkerror\/debugdescription","title":"var debugDescription: String","type":"property"},{"path":"\/documentation\/recordkit\/rkerror\/errorgroup","title":"var errorGroup: String","type":"property"},{"path":"\/documentation\/recordkit\/rkerror\/usermessage","title":"var userMessage: String?","type":"property"},{"title":"Default Implementations","type":"groupMarker"},{"children":[{"title":"Instance Properties","type":"groupMarker"},{"path":"\/documentation\/recordkit\/rkerror\/localizeddescription","title":"var localizedDescription: String","type":"property"}],"path":"\/documentation\/recordkit\/rkerror\/error-implementations","title":"Error Implementations","type":"symbol"}],"path":"\/documentation\/recordkit\/rkerror","title":"RKError","type":"struct"},{"children":[{"title":"Instance Properties","type":"groupMarker"},{"path":"\/documentation\/recordkit\/rkmicrophone\/availability","title":"var availability: DeviceAvailability","type":"property"},{"path":"\/documentation\/recordkit\/rkmicrophone\/id","title":"var id: String","type":"property"},{"path":"\/documentation\/recordkit\/rkmicrophone\/localizedname","title":"var localizedName: String","type":"property"},{"path":"\/documentation\/recordkit\/rkmicrophone\/manufacturer","title":"var manufacturer: String","type":"property"},{"path":"\/documentation\/recordkit\/rkmicrophone\/modelid","title":"var modelID: String","type":"property"}],"path":"\/documentation\/recordkit\/rkmicrophone","title":"RKMicrophone","type":"struct"},{"children":[{"title":"Structures","type":"groupMarker"},{"children":[{"title":"Operators","type":"groupMarker"},{"path":"\/documentation\/recordkit\/rkwindow\/level-swift.struct\/_(_:_:)-5c1rh","title":"static func < (RKWindow.Level, RKWindow.Level) -> Bool","type":"op"},{"title":"Initializers","type":"groupMarker"},{"path":"\/documentation\/recordkit\/rkwindow\/level-swift.struct\/init(rawvalue:)","title":"init(rawValue: Int)","type":"init"},{"title":"Instance Properties","type":"groupMarker"},{"path":"\/documentation\/recordkit\/rkwindow\/level-swift.struct\/rawvalue","title":"var rawValue: Int","type":"property"},{"title":"Type Properties","type":"groupMarker"},{"path":"\/documentation\/recordkit\/rkwindow\/level-swift.struct\/assistivetechhighwindow","title":"static let assistiveTechHighWindow: RKWindow.Level","type":"property"},{"path":"\/documentation\/recordkit\/rkwindow\/level-swift.struct\/backstopmenu","title":"static let backstopMenu: RKWindow.Level","type":"property"},{"path":"\/documentation\/recordkit\/rkwindow\/level-swift.struct\/basewindow","title":"static let baseWindow: RKWindow.Level","type":"property"},{"path":"\/documentation\/recordkit\/rkwindow\/level-swift.struct\/cursorwindow","title":"static let cursorWindow: RKWindow.Level","type":"property"},{"path":"\/documentation\/recordkit\/rkwindow\/level-swift.struct\/desktopiconwindow","title":"static let desktopIconWindow: RKWindow.Level","type":"property"},{"path":"\/documentation\/recordkit\/rkwindow\/level-swift.struct\/desktopwindow","title":"static let desktopWindow: RKWindow.Level","type":"property"},{"path":"\/documentation\/recordkit\/rkwindow\/level-swift.struct\/draggingwindow","title":"static let draggingWindow: RKWindow.Level","type":"property"},{"path":"\/documentation\/recordkit\/rkwindow\/level-swift.struct\/floating","title":"static let floating: RKWindow.Level","type":"property"},{"path":"\/documentation\/recordkit\/rkwindow\/level-swift.struct\/helpwindow","title":"static let helpWindow: RKWindow.Level","type":"property"},{"path":"\/documentation\/recordkit\/rkwindow\/level-swift.struct\/mainmenu","title":"static let mainMenu: RKWindow.Level","type":"property"},{"path":"\/documentation\/recordkit\/rkwindow\/level-swift.struct\/maximumwindow","title":"static let maximumWindow: RKWindow.Level","type":"property"},{"path":"\/documentation\/recordkit\/rkwindow\/level-swift.struct\/minimumwindow","title":"static let minimumWindow: RKWindow.Level","type":"property"},{"path":"\/documentation\/recordkit\/rkwindow\/level-swift.struct\/modalpanel","title":"static let modalPanel: RKWindow.Level","type":"property"},{"path":"\/documentation\/recordkit\/rkwindow\/level-swift.struct\/normal","title":"static let normal: RKWindow.Level","type":"property"},{"path":"\/documentation\/recordkit\/rkwindow\/level-swift.struct\/overlaywindow","title":"static let overlayWindow: RKWindow.Level","type":"property"},{"path":"\/documentation\/recordkit\/rkwindow\/level-swift.struct\/popupmenu","title":"static let popUpMenu: RKWindow.Level","type":"property"},{"path":"\/documentation\/recordkit\/rkwindow\/level-swift.struct\/screensaver","title":"static let screenSaver: RKWindow.Level","type":"property"},{"path":"\/documentation\/recordkit\/rkwindow\/level-swift.struct\/screensaverwindow","title":"static let screenSaverWindow: RKWindow.Level","type":"property"},{"path":"\/documentation\/recordkit\/rkwindow\/level-swift.struct\/statusbar","title":"static let statusBar: RKWindow.Level","type":"property"},{"path":"\/documentation\/recordkit\/rkwindow\/level-swift.struct\/submenu","title":"static let submenu: RKWindow.Level","type":"property"},{"path":"\/documentation\/recordkit\/rkwindow\/level-swift.struct\/tornoffmenu","title":"static let tornOffMenu: RKWindow.Level","type":"property"},{"path":"\/documentation\/recordkit\/rkwindow\/level-swift.struct\/utilitywindow","title":"static let utilityWindow: RKWindow.Level","type":"property"},{"title":"Default Implementations","type":"groupMarker"},{"children":[{"title":"Operators","type":"groupMarker"},{"path":"\/documentation\/recordkit\/rkwindow\/level-swift.struct\/'...(_:)-2nmju","title":"static func ... (Self) -> PartialRangeFrom<Self>","type":"op"},{"path":"\/documentation\/recordkit\/rkwindow\/level-swift.struct\/'...(_:)-4i6o8","title":"static func ... (Self) -> PartialRangeThrough<Self>","type":"op"},{"path":"\/documentation\/recordkit\/rkwindow\/level-swift.struct\/'...(_:_:)","title":"static func ... (Self, Self) -> ClosedRange<Self>","type":"op"},{"path":"\/documentation\/recordkit\/rkwindow\/level-swift.struct\/'.._(_:)","title":"static func ..< (Self) -> PartialRangeUpTo<Self>","type":"op"},{"path":"\/documentation\/recordkit\/rkwindow\/level-swift.struct\/'.._(_:_:)","title":"static func ..< (Self, Self) -> Range<Self>","type":"op"},{"path":"\/documentation\/recordkit\/rkwindow\/level-swift.struct\/_(_:_:)-9ogyx","title":"static func > (Self, Self) -> Bool","type":"op"},{"path":"\/documentation\/recordkit\/rkwindow\/level-swift.struct\/_=(_:_:)-6iq79","title":"static func >= (Self, Self) -> Bool","type":"op"},{"path":"\/documentation\/recordkit\/rkwindow\/level-swift.struct\/_=(_:_:)-77ij0","title":"static func <= (Self, Self) -> Bool","type":"op"}],"path":"\/documentation\/recordkit\/rkwindow\/level-swift.struct\/comparable-implementations","title":"Comparable Implementations","type":"symbol"},{"children":[{"title":"Operators","type":"groupMarker"},{"path":"\/documentation\/recordkit\/rkwindow\/level-swift.struct\/!=(_:_:)","title":"static func != (Self, Self) -> Bool","type":"op"}],"path":"\/documentation\/recordkit\/rkwindow\/level-swift.struct\/equatable-implementations","title":"Equatable Implementations","type":"symbol"}],"path":"\/documentation\/recordkit\/rkwindow\/level-swift.struct","title":"RKWindow.Level","type":"struct"},{"title":"Instance Properties","type":"groupMarker"},{"path":"\/documentation\/recordkit\/rkwindow\/applicationname","title":"var applicationName: String?","type":"property"},{"path":"\/documentation\/recordkit\/rkwindow\/applicationprocessid","title":"var applicationProcessID: pid_t?","type":"property"},{"path":"\/documentation\/recordkit\/rkwindow\/frame","title":"var frame: CGRect","type":"property"},{"path":"\/documentation\/recordkit\/rkwindow\/id","title":"var id: CGWindowID","type":"property"},{"path":"\/documentation\/recordkit\/rkwindow\/level-swift.property","title":"var level: RKWindow.Level","type":"property"},{"path":"\/documentation\/recordkit\/rkwindow\/scwindow","title":"let scWindow: SCWindow","type":"property"},{"path":"\/documentation\/recordkit\/rkwindow\/title","title":"var title: String?","type":"property"},{"path":"\/documentation\/recordkit\/rkwindow\/windowid","title":"var windowID: CGWindowID","type":"property"}],"path":"\/documentation\/recordkit\/rkwindow","title":"RKWindow","type":"struct"},{"children":[{"title":"Structures","type":"groupMarker"},{"children":[{"title":"Initializers","type":"groupMarker"},{"path":"\/documentation\/recordkit\/recordingschema\/audiovideorecorder\/init(filename:microphoneid:cameraid:)","title":"init(filename: String?, microphoneID: String, cameraID: String)","type":"init"},{"title":"Instance Properties","type":"groupMarker"},{"path":"\/documentation\/recordkit\/recordingschema\/audiovideorecorder\/cameraid","title":"var cameraID: String","type":"property"},{"path":"\/documentation\/recordkit\/recordingschema\/audiovideorecorder\/filename","title":"var filename: String?","type":"property"},{"path":"\/documentation\/recordkit\/recordingschema\/audiovideorecorder\/microphoneid","title":"var microphoneID: String","type":"property"}],"path":"\/documentation\/recordkit\/recordingschema\/audiovideorecorder","title":"RecordingSchema.AudioVideoRecorder","type":"struct"},{"children":[{"title":"Initializers","type":"groupMarker"},{"path":"\/documentation\/recordkit\/recordingschema\/windowbasedcroprecorder\/init(filename:windowid:colorspace:showscursor:)","title":"init(filename: String?, windowID: UInt32, colorSpace: ColorSpace, showsCursor: Bool)","type":"init"}],"path":"\/documentation\/recordkit\/recordingschema\/windowbasedcroprecorder","title":"RecordingSchema.WindowBasedCropRecorder","type":"struct"},{"title":"Initializers","type":"groupMarker"},{"path":"\/documentation\/recordkit\/recordingschema\/init(outputdirectory:recorders:)","title":"init(outputDirectory: URL?, recorders: [RecordingSchema.Recorder])","type":"init"},{"title":"Instance Properties","type":"groupMarker"},{"path":"\/documentation\/recordkit\/recordingschema\/outputdirectory","title":"var outputDirectory: URL?","type":"property"},{"path":"\/documentation\/recordkit\/recordingschema\/recorders","title":"var recorders: [RecordingSchema.Recorder]","type":"property"},{"title":"Enumerations","type":"groupMarker"},{"children":[{"title":"Enumeration Cases","type":"groupMarker"},{"path":"\/documentation\/recordkit\/recordingschema\/recorder\/audiovideo(_:)","title":"case audioVideo(RecordingSchema.AudioVideoRecorder)","type":"case"},{"path":"\/documentation\/recordkit\/recordingschema\/recorder\/windowbasedcrop(_:)","title":"case windowBasedCrop(RecordingSchema.WindowBasedCropRecorder)","type":"case"},{"title":"Type Methods","type":"groupMarker"},{"path":"\/documentation\/recordkit\/recordingschema\/recorder\/audiovideo(microphoneid:cameraid:filename:)","title":"static func audioVideo(microphoneID: String, cameraID: String, filename: String?) -> RecordingSchema.Recorder","type":"method"},{"path":"\/documentation\/recordkit\/recordingschema\/recorder\/windowbasedcrop(windowid:colorspace:showscursor:filename:)","title":"static func windowBasedCrop(windowID: UInt32, colorSpace: ColorSpace, showsCursor: Bool, filename: String?) -> RecordingSchema.Recorder","type":"method"}],"path":"\/documentation\/recordkit\/recordingschema\/recorder","title":"RecordingSchema.Recorder","type":"enum"}],"path":"\/documentation\/recordkit\/recordingschema","title":"RecordingSchema","type":"struct"},{"title":"Enumerations","type":"groupMarker"},{"children":[{"title":"Enumeration Cases","type":"groupMarker"},{"path":"\/documentation\/recordkit\/abort\/stopped(_:_:)","title":"case stopped(Result, Error?)","type":"case"},{"path":"\/documentation\/recordkit\/abort\/unknown(_:)","title":"case unknown(Error)","type":"case"}],"path":"\/documentation\/recordkit\/abort","title":"Abort","type":"enum"},{"children":[{"title":"Enumeration Cases","type":"groupMarker"},{"path":"\/documentation\/recordkit\/colorspace\/displayp3","title":"case displayP3","type":"case"},{"path":"\/documentation\/recordkit\/colorspace\/srgb","title":"case sRGB","type":"case"},{"title":"Initializers","type":"groupMarker"},{"path":"\/documentation\/recordkit\/colorspace\/init(rawvalue:)","title":"init?(rawValue: String)","type":"init"},{"title":"Default Implementations","type":"groupMarker"},{"children":[{"title":"Operators","type":"groupMarker"},{"path":"\/documentation\/recordkit\/colorspace\/!=(_:_:)","title":"static func != (Self, Self) -> Bool","type":"op"}],"path":"\/documentation\/recordkit\/colorspace\/equatable-implementations","title":"Equatable Implementations","type":"symbol"},{"children":[{"title":"Initializers","type":"groupMarker"},{"path":"\/documentation\/recordkit\/colorspace\/init(from:)","title":"init(from: Decoder) throws","type":"init"},{"title":"Instance Properties","type":"groupMarker"},{"path":"\/documentation\/recordkit\/colorspace\/hashvalue","title":"var hashValue: Int","type":"property"},{"title":"Instance Methods","type":"groupMarker"},{"path":"\/documentation\/recordkit\/colorspace\/encode(to:)","title":"func encode(to: Encoder) throws","type":"method"},{"path":"\/documentation\/recordkit\/colorspace\/hash(into:)","title":"func hash(into: inout Hasher)","type":"method"}],"path":"\/documentation\/recordkit\/colorspace\/rawrepresentable-implementations","title":"RawRepresentable Implementations","type":"symbol"}],"path":"\/documentation\/recordkit\/colorspace","title":"ColorSpace","type":"enum"},{"children":[{"title":"Enumeration Cases","type":"groupMarker"},{"path":"\/documentation\/recordkit\/deviceavailability\/available","title":"case available","type":"case"},{"path":"\/documentation\/recordkit\/deviceavailability\/lidclosed","title":"case lidClosed","type":"case"},{"path":"\/documentation\/recordkit\/deviceavailability\/notconnected","title":"case notConnected","type":"case"},{"path":"\/documentation\/recordkit\/deviceavailability\/notpaired","title":"case notPaired","type":"case"},{"path":"\/documentation\/recordkit\/deviceavailability\/pairedneedsconnect","title":"case pairedNeedsConnect","type":"case"},{"path":"\/documentation\/recordkit\/deviceavailability\/pairedneedsreconnect","title":"case pairedNeedsReconnect","type":"case"},{"path":"\/documentation\/recordkit\/deviceavailability\/unknownsuspended","title":"case unknownSuspended","type":"case"},{"title":"Initializers","type":"groupMarker"},{"path":"\/documentation\/recordkit\/deviceavailability\/init(rawvalue:)","title":"init?(rawValue: String)","type":"init"},{"title":"Instance Properties","type":"groupMarker"},{"path":"\/documentation\/recordkit\/deviceavailability\/debugdescription","title":"var debugDescription: String","type":"property"},{"path":"\/documentation\/recordkit\/deviceavailability\/recoverysuggestion","title":"var recoverySuggestion: String","type":"property"},{"path":"\/documentation\/recordkit\/deviceavailability\/status","title":"var status: String","type":"property"},{"title":"Default Implementations","type":"groupMarker"},{"children":[{"title":"Operators","type":"groupMarker"},{"path":"\/documentation\/recordkit\/deviceavailability\/!=(_:_:)","title":"static func != (Self, Self) -> Bool","type":"op"}],"path":"\/documentation\/recordkit\/deviceavailability\/equatable-implementations","title":"Equatable Implementations","type":"symbol"},{"children":[{"title":"Instance Properties","type":"groupMarker"},{"path":"\/documentation\/recordkit\/deviceavailability\/hashvalue","title":"var hashValue: Int","type":"property"},{"title":"Instance Methods","type":"groupMarker"},{"path":"\/documentation\/recordkit\/deviceavailability\/hash(into:)","title":"func hash(into: inout Hasher)","type":"method"}],"path":"\/documentation\/recordkit\/deviceavailability\/rawrepresentable-implementations","title":"RawRepresentable Implementations","type":"symbol"}],"path":"\/documentation\/recordkit\/deviceavailability","title":"DeviceAvailability","type":"enum"},{"title":"Extended Modules","type":"groupMarker"},{"children":[{"title":"Extended Structures","type":"groupMarker"},{"children":[{"title":"Default Implementations","type":"groupMarker"},{"children":[{"title":"Instance Properties","type":"groupMarker"},{"path":"\/documentation\/recordkit\/coregraphics\/cgdisplaychangesummaryflags\/debugdescription","title":"var debugDescription: String","type":"property"}],"path":"\/documentation\/recordkit\/coregraphics\/cgdisplaychangesummaryflags\/customdebugstringconvertible-implementations","title":"CustomDebugStringConvertible Implementations","type":"symbol"}],"path":"\/documentation\/recordkit\/coregraphics\/cgdisplaychangesummaryflags","title":"CGDisplayChangeSummaryFlags","type":"extension"},{"title":"Extended Enumerations","type":"groupMarker"},{"children":[{"title":"Default Implementations","type":"groupMarker"},{"children":[{"title":"Instance Properties","type":"groupMarker"},{"path":"\/documentation\/recordkit\/coregraphics\/cgerror\/localizeddescription","title":"var localizedDescription: String","type":"property"}],"path":"\/documentation\/recordkit\/coregraphics\/cgerror\/error-implementations","title":"Error Implementations","type":"symbol"}],"path":"\/documentation\/recordkit\/coregraphics\/cgerror","title":"CGError","type":"extension"}],"path":"\/documentation\/recordkit\/coregraphics","title":"CoreGraphics","type":"extension"},{"children":[{"title":"Extended Structures","type":"groupMarker"},{"children":[{"title":"Default Implementations","type":"groupMarker"},{"children":[{"title":"Initializers","type":"groupMarker"},{"path":"\/documentation\/recordkit\/coremedia\/cmtime\/init(from:)","title":"init(from: Decoder) throws","type":"init"}],"path":"\/documentation\/recordkit\/coremedia\/cmtime\/decodable-implementations","title":"Decodable Implementations","type":"symbol"},{"children":[{"title":"Instance Methods","type":"groupMarker"},{"path":"\/documentation\/recordkit\/coremedia\/cmtime\/encode(to:)","title":"func encode(to: Encoder) throws","type":"method"}],"path":"\/documentation\/recordkit\/coremedia\/cmtime\/encodable-implementations","title":"Encodable Implementations","type":"symbol"}],"path":"\/documentation\/recordkit\/coremedia\/cmtime","title":"CMTime","type":"extension"},{"children":[{"title":"Default Implementations","type":"groupMarker"},{"children":[{"title":"Initializers","type":"groupMarker"},{"path":"\/documentation\/recordkit\/coremedia\/cmtimerange\/init(from:)","title":"init(from: Decoder) throws","type":"init"}],"path":"\/documentation\/recordkit\/coremedia\/cmtimerange\/decodable-implementations","title":"Decodable Implementations","type":"symbol"},{"children":[{"title":"Instance Methods","type":"groupMarker"},{"path":"\/documentation\/recordkit\/coremedia\/cmtimerange\/encode(to:)","title":"func encode(to: Encoder) throws","type":"method"}],"path":"\/documentation\/recordkit\/coremedia\/cmtimerange\/encodable-implementations","title":"Encodable Implementations","type":"symbol"}],"path":"\/documentation\/recordkit\/coremedia\/cmtimerange","title":"CMTimeRange","type":"extension"}],"path":"\/documentation\/recordkit\/coremedia","title":"CoreMedia","type":"extension"}],"path":"\/documentation\/recordkit","title":"RecordKit","type":"module"}]},"schemaVersion":{"major":0,"minor":1,"patch":1}}